date,gdp,gnp,potential_gdp,real_gdp,real_gnp,real_potential_gdp,real_gdp_nfb,potential_lf,potential_lf_prod,potential_lfpr,noncyclical_rate_of_unemployment,output_gap,nfb_real_potential_gdp,nfb_potential_hrs_worked,nfb_index_capital_services,nfb_potential_tfp,nfb_potential_lab_prod,nfb_capital_share,pce_price_index,core_pce_price_index,pce_medical_price_index,cpiu,core_cpiu,chained_cpiu,cpiu_medical_price_index,gdp_price_index,eci_wages_salaries,oil_rac_imported,oil_rac_composite,oil_price_wti_spot,nat_gas_price_henry_hub,house_price_index_fhfa,exchange_rate_export_weighted,unemployment_rate,labor_force_census,labor_force,lfpr_16yo_census,lfpr_16yo,empl_civ_16yo_census,empl_civ_16yo,empl_payroll_nf,output_per_hr_nfb,hours_nfb,population_civ_16yo_census,population_civ_16yo,households,treasury_note_rate_10yr,treasury_bill_rate_3mo,fed_funds_rate,gdi,personal_income,compensation,wages_and_salaries,nonwage_income,prop_inc_farm_adj,prop_inc_nonfarm_adj,rental_inc_adj,interest_inc_pers,dividend_inc_pers,corp_profits_adj,corp_profits_domestic_adj,pce,gross_pri_dom_invest,nonres_fixed_invest,res_fixed_invest,change_pri_inv,government_c_gi,federal_government_c_gi,sl_government_c_gi,net_exports,exports,imports,current_account_balance,real_pce,real_gross_pri_dom_invest,real_nonres_fixed_invest,real_res_fixed_invest,real_change_pri_invest,real_government_c_gi,real_federal_government_c_gi,real_sl_government_c_gi,real_net_exports,real_exports,real_imports
1949,272.475,273.775,276.1286194,2261.925,2277.9,2292.435,1445.125,61.66323505,37.17527045,58.98437621,5.264786296,-1.308001885,1468.565675,41.40405555,7.947525957,41.49317388,16.88469366,0.329,12.3795,NA,NA,23.80916667,NA,NA,14.83333333,12.0525,NA,NA,NA,NA,NA,NA,NA,6.05,61.90196821,61.39475,59.25514053,59.03597803,58.13410008,57.68258333,43.83375,23.8285,40.9755,104.4662253,103.9943333,NA,NA,1.115,NA,270.75,211.075,144.35,134.725,60.375,11.975,22.7,7.8,10.675,7.225,29.05,27.925,178.3,39.0995,26.94975,14.841,-2.6915,49.808,30.42275,19.3855,5.25,14.475,9.25,0.875,1440.575,215.3475,121.865,177.399,-12.72675,654.14075,312.5095,321.26675,9.925,68.675,58.75
1950,299.825,301.3,295.2372372,2458.525,2476.125,2421.661405,1591.275,62.16242276,38.95646206,59.01860331,5.29125475,1.494338996,1547.969286,42.21825219,8.279724889,42.60088166,17.45463218,0.329,12.5265,NA,NA,24.0625,NA,NA,15.1,12.1655,NA,NA,NA,NA,NA,NA,NA,5.208333333,62.85564377,62.12166667,59.56640749,59.16546235,59.43276341,58.89166667,45.28225,25.41375,42.28175,105.5219265,104.9960833,NA,NA,1.203333333,NA,298.55,233.75,158.275,147.25,66.95,12.85,24.65,8.775,11.825,8.85,36.05,34.775,192.025,56.5305,30.0175,20.74375,5.7695,50.5145,29.418,21.097,0.725,12.35,11.6,-1.85,1533.1,299.986,132.97525,241.99025,24.0585,656.9625,298.63375,347.33,-9.275,60.175,69.45
1951,346.925,348.8,333.322423,2656.35,2677.425,2552.184262,1708.925,62.2139579,41.02249838,59.05680222,5.317979476,4.080438438,1627.471549,42.7800556,8.665138462,43.73816097,18.11012483,0.329,13.37975,NA,NA,25.97333333,NA,NA,15.825,12.99025,NA,NA,NA,NA,NA,NA,NA,3.283333333,62.69974556,62.01666667,59.59562439,59.27676066,60.50821254,59.96675,47.92575,26.07275,44.2785,105.2085255,104.6220833,NA,NA,1.5175,NA,343.45,264.2,185.725,171.6,73.725,15.3,27.275,9.725,12.85,8.575,41.2,39.45,208.325,62.7575,34.187,18.66125,9.90925,73.3035,49.9475,23.3565,2.5,17.1,14.6,0.9,1557.1,300.70925,138.51725,203.13675,33.37875,898.2635,487.4145,350.00425,1.6,73.75,72.15
1952,367.325,369.325,358.110727,2764.8,2786.6,2695.441113,1760.925,62.57824339,43.07166983,59.0964652,5.34208873,2.573676358,1713.675396,43.57624826,9.01639603,44.87330283,18.72082652,0.329,13.654,NA,NA,26.56666667,NA,NA,16.70833333,13.27425,NA,NA,NA,NA,NA,NA,NA,3.025,62.84736735,62.15266667,59.35881688,59.06453352,60.82703286,60.27241667,48.90266667,26.56775,44.7705,105.8771335,105.2289167,NA,NA,1.7225,NA,364.75,282.475,201.075,185.65,76.425,14.3,28.725,10.825,14,8.575,39.65,37.775,219.35,57.27325,34.901,18.85825,3.51425,89.5835,64.815,24.768,1.175,16.45,15.3,0.575,1606.25,276.14675,138.37725,199.7895,13.4265,1075.47675,625.4465,355.65725,-8,70.525,78.525
1953,389.225,391.125,378.9215738,2894.4,2915.6,2817.644361,1849.725,63.31412331,44.50160865,59.13470887,5.360816261,2.739306723,1786.996677,44.33955962,9.357151725,45.6861151,19.18624062,0.329,13.8335,NA,NA,26.76833333,NA,NA,17.29166667,13.444,NA,NA,NA,NA,NA,NA,NA,2.925,63.3572678,63.056,59.16480066,58.90168068,61.38268872,61.20625,50.30366667,27.2245,45.89825,107.087643,107.0549167,NA,NA,1.890833333,NA,385.425,299.2,215.225,198.975,78.55,12.15,29.825,12.05,15.65,8.875,40.275,38.5,232.75,60.41475,38.7675,19.699,1.948,96.7645,70.27425,26.4905,-0.725,15.325,16,-1.3,1682.425,291.66325,152.24825,207.20925,8.36875,1148.89675,672.84425,372.98275,-20.075,65.825,85.9
1954,390.525,392.625,394.0477007,2877.725,2900.05,2903.713779,1821.9,64.11859839,45.28601889,59.16873904,5.374365613,-0.89836119,1839.705559,44.81618068,9.688428375,46.15806756,19.54229442,0.329,13.95025,NA,NA,26.865,NA,NA,17.825,13.58125,NA,NA,NA,NA,NA,NA,NA,5.591666667,63.9304043,63.67208333,58.99702972,58.78155939,60.28889601,60.10658333,49.08725,27.75175,44.34825,108.3633379,108.32075,NA,2.401666667,0.938333333,NA,387.65,302.225,214.125,197.275,81.85,11.775,30.5,13.05,17.25,9.275,39.45,37.525,239.625,58.069,38.565,21.44175,-1.93775,92.46725,63.2555,29.21175,0.4,15.825,15.45,0.15,1717.55,280.194,150.046,224.62975,-8.0195,1075.06375,591.55125,405.226,-12.625,69,81.625
1955,425.475,427.925,411.191265,3083.025,3107.8,2979.653118,1976.325,64.9469452,45.87764282,59.19563369,5.3849255,3.464650061,1887.870189,45.20539093,10.06251413,46.53421797,19.88124615,0.329,14.0045,NA,NA,26.79583333,NA,NA,18.25,13.773,NA,NA,NA,NA,NA,NA,NA,4.366666667,65.3547423,64.96433333,59.55464908,59.22686495,62.35321591,62.1305,50.73683333,28.94175,46.1295,109.7355377,109.6834167,NA,2.816666667,1.725,1.785,423.325,324.175,230.575,212.175,86.95,10.725,33.525,13.4,18.825,10.475,50.175,47.825,258.3,73.75475,43.3635,25.40375,4.988,92.958,61.0155,31.94275,0.45,17.65,17.2,0.375,1844.25,344.96775,166.259,260.72375,19.908,1040.26475,544.4125,434.2465,-15.125,76.35,91.475
1956,449.35,452.125,436.7020205,3148.775,3175.625,3060.134244,2013.35,65.73504309,46.55189281,59.21266581,5.394709114,2.896421881,1940.663391,45.56927855,10.5070127,46.9172602,20.27400311,0.329,14.28375,NA,NA,27.19083333,NA,NA,18.9,14.2445,NA,NA,NA,NA,NA,NA,NA,4.125,66.89642256,66.53733333,60.25830875,59.96866904,63.99014624,63.79241667,52.46833333,28.77275,47.26925,111.0161327,110.9538333,NA,3.1825,2.6275,2.728333333,451.4,347.925,249.275,229.05,91.825,10.6,35.225,13.675,21.025,11.3,49.625,46.825,271.125,77.68375,49.7475,23.98725,3.949,98.17975,63.11475,35.065,2.35,21.3,18.925,2.65,1898.2,344.02175,177.5085,240.057,14.8725,1042.75725,537.14875,448.24225,-9.95,88.975,98.925
1957,474.05,477.1,465.1999593,3215.075,3243.225,3154.915776,2053.45,66.52936571,47.42041792,59.21803634,5.405755345,1.915776259,2003.339995,45.96629178,10.93439806,47.49633357,20.74788483,0.329,14.71775,NA,NA,28.11333333,28.93333333,NA,19.675,14.7425,NA,NA,NA,NA,NA,NA,NA,4.3,67.25568071,66.94225,59.86934894,59.6287678,64.24604019,64.06483333,52.95708333,29.512,47.00725,112.3377866,112.2655,NA,3.6475,3.225,3.105,474.4,368,262.575,239.95,97.3,10.525,37.25,14.075,23.7,11.75,49.15,46.025,286.325,76.50475,53.0965,22.631,0.77725,107.16275,68.4535,38.70925,4.075,24.025,19.95,4.725,1945.2,331.14525,180.62225,225.89125,3.6545,1090.78075,558.16825,474.465,-6.375,96.7,103.075
1958,481.225,483.85,492.6629819,3191.2,3215.975,3267.234618,2012.875,67.38856844,48.4823614,59.21158978,5.420648451,-2.337208663,2077.859951,46.45086062,11.28549202,48.38488887,21.29508036,0.329,15.066,NA,NA,28.88083333,29.59166667,NA,20.63333333,15.08575,NA,NA,NA,NA,NA,NA,NA,6.841666667,67.94546718,67.67008333,59.70288683,59.50354743,63.19854546,63.043,51.42483333,30.18475,45.04375,113.8067934,113.7245,NA,3.315833333,1.770833333,1.5725,480.55,378.95,264.675,241.3,102.2,12.4,37.725,14.825,25.65,11.6,43.875,41.35,295.6,70.94875,48.4915,22.8225,-0.3655,114.138,71.521,42.61725,0.55,20.55,20.025,0.8,1962.075,307.15275,163.79725,228.36,-0.928,1127.28275,561.08975,514.32175,-24.35,83.625,107.975
1959,521.65,524.425,518.9172178,3412.425,3438,3394.505337,2180.575,68.35662058,49.65727415,59.19520433,5.441163303,0.530887057,2161.347333,47.03039166,11.65545962,49.40463839,21.87763226,0.329,15.2905,15.652,6.473671896,29.15,30.175,NA,21.49166667,15.28525,NA,NA,NA,NA,NA,NA,NA,5.45,68.66503897,68.35933333,59.49028492,59.27234456,64.78000082,64.6285,53.37216667,31.2565,47.12675,115.4222935,115.3305,NA,4.333333333,3.385833333,3.305,521.45,402.875,285.825,259.85,106.65,10.075,40.3,15.55,28.125,12.6,55.525,52.8,317.1,85.66925,53.124,28.62825,3.917,118.4575,73.57875,44.879,0.375,22.725,22.325,-1.275,2074.025,366.1585,177.01625,285.61025,17.3805,1155.763,572.38,531.738,-27.2,92.25,119.45
1960,542.375,545.525,547.8869355,3500.275,3528,3535.666429,2218.975,69.41624334,50.93280701,59.17274841,5.466525732,-0.984308306,2251.650962,47.68043301,12.07536109,50.40544385,22.48102618,0.329,15.5415,15.9315,6.815990661,29.585,30.64166667,NA,22.25833333,15.49375,NA,NA,NA,NA,NA,NA,NA,5.541666667,69.93159295,69.65866667,59.58470733,59.41216644,65.93106672,65.7845,54.29391667,31.622,47.402,117.3633678,117.2449167,NA,4.116666667,2.883333333,3.215833333,543.675,422.15,301.275,272.85,111.525,10.625,39.95,16.45,31.15,13.35,54.675,51.525,331.175,86.478,56.38925,26.85575,3.233,120.52,72.87475,47.64525,4.225,27.05,22.85,3.175,2130.925,367.5065,186.776,266.12175,14.7665,1163.092,562.995,554.83375,-12.8,108.25,121.05
1961,562.2,565.725,575.3568785,3590.075,3620.275,3674.204775,2267.25,70.32327022,52.24614818,59.14965501,5.495042692,-2.300189034,2338.468018,48.22291151,12.48963568,51.37832112,23.08533317,0.329,15.7025,16.1285,6.911952773,29.90166667,31,NA,22.90833333,15.65875,NA,NA,NA,NA,NA,NA,NA,6.691666667,70.77297437,70.44991667,59.4924774,59.31690775,65.90112224,65.74425,54.10283333,32.65325,46.899,118.9632341,118.7701667,NA,3.8825,2.354166667,1.955,563.1,440.575,310.4,280.525,117.725,11.225,41.975,17.2,33.425,13.9,55.925,52.65,341.475,86.5835,56.59875,27.011,2.974,129.23725,77.379,51.858,4.925,27.6,22.7,4.2,2174.65,368.6825,188.233,267.24975,13.24775,1226.091,590.84225,588.85675,-11.375,108.85,120.225
1962,603.925,608.025,605.3571391,3810.1,3843.85,3819.119401,2422.3,71.22542172,53.61853025,59.13228213,5.527718868,-0.234059237,2428.978027,48.75428445,12.9574383,52.35631397,23.71730749,0.329,15.8865,16.34725,7.010170851,30.25333333,31.4,NA,23.525,15.84875,NA,NA,NA,NA,NA,NA,NA,5.566666667,71.0891631,70.61941667,59.07824336,58.77524428,67.01466172,66.70166667,55.65958333,34.13875,47.93225,120.3310538,120.1529167,NA,3.945833333,2.773333333,2.708333333,603.95,468.85,332.2,299.35,125.425,11.25,44.025,18.05,37.05,15.05,64.05,60.275,362.55,96.977,61.233,29.643,6.101,140.28675,85.51825,54.7685,4.1,29.075,24.975,3.8,2282.15,412.505,203.461,292.821,27.3165,1306.50525,644.045,606.09725,-19.525,114.35,133.875
1963,637.45,641.95,638.6336365,3976.15,4012.1,3983.571525,2533.45,72.47997138,54.95905874,59.12725987,5.567224597,-0.190669427,2533.453011,49.52140571,13.47667084,53.35266487,24.35409845,0.329,16.0765,16.5655,7.150113082,30.63333333,31.80833333,NA,24.08333333,16.03025,NA,NA,NA,NA,NA,NA,NA,5.641666667,72.37059266,71.81216667,59.01414448,58.66216308,68.13887313,67.7595,56.76675,35.29875,48.4815,122.6327359,122.41625,NA,4.0025,3.159166667,3.178333333,638.925,492.775,350.425,314.85,131.85,11,45.425,18.7,40.475,16.25,70.525,66.425,382.025,103.285,64.80925,32.8545,5.621,147.193,87.87525,59.318,4.95,31.075,26.15,4.95,2376.35,440.5065,215.2895,327.11,25.2745,1338.25175,645.681,641.44125,-14.975,122.5,137.475
1964,684.45,689.375,676.8416797,4205.275,4243.95,4158.517656,2702.575,73.80198228,56.344982,59.14098806,5.614115804,1.124936199,2645.669518,50.32959065,14.06325725,54.36797652,25.02442322,0.329,16.30925,16.81525,7.337007949,31.03833333,32.3,NA,24.59166667,16.2745,NA,NA,NA,NA,NA,NA,NA,5.158333333,73.66174261,73.07725,59.03884077,58.70412666,69.71194248,69.30141667,58.39441667,36.245,50.37,124.7693151,124.4848333,NA,4.186666667,3.546666667,3.496666667,684.5,528.2,375.975,337.775,141.1,9.775,49.35,18.825,44.95,18.2,77.7,73.25,410.625,112.15175,72.2295,35.1005,4.822,154.76325,90.256,64.507,6.9,35.025,28.1,7.475,2517.775,475.25075,238.388,346.76325,21.5395,1371.12925,643.2695,684.244,-7.875,136.925,144.8
1965,742.3,747.55,719.5517933,4478.55,4519.1,4341.543283,2896.875,75.04628473,57.84963522,59.17934302,5.6655605,3.143667183,2765.804303,51.08119072,14.77694532,55.40260976,25.7758565,0.329,16.54425,17.02675,7.524837973,31.52833333,32.73333333,NA,25.18333333,16.5725,NA,NA,NA,NA,NA,NA,NA,4.508333333,75.07451733,74.424,59.17617242,58.8266884,71.52641635,71.07033333,60.87875,37.40075,52.31725,126.8656514,126.51325,55.79998489,4.2825,3.949166667,4.075,741.575,570.675,405.4,363.75,152.5,12.025,51.625,19.35,49.3,20.2,89.275,84.575,442.95,129.64575,85.23575,35.16275,9.247,164.05325,93.1955,70.85775,5.625,37.175,31.525,6.175,2677.5,541.026,278.218,337.89625,41.058,1415.04825,648.115,729.5615,-19.425,140.775,160.2
1966,813.4,818.475,772.4164386,4773.925,4812.825,4533.189012,3105,76.13526478,59.53931194,59.24755587,5.71655875,5.316282593,2894.698976,51.72646868,15.63872627,56.45693226,26.64055549,0.329,16.9625,17.4085,7.80054314,32.47083333,33.55,NA,26.3,17.0365,NA,NA,NA,NA,NA,NA,NA,3.791666667,76.4519499,75.74458333,59.5052539,59.14809814,73.37716124,72.878,64.025,38.75175,54.128,128.4776641,128.0576667,56.74649971,4.923333333,4.8625,5.111666667,808.325,620.325,449.25,400.325,162.825,13.025,54.925,19.9,54.3,20.675,96.125,91.6,479.925,144.1875,97.17325,33.3785,13.636,185.4445,106.57525,78.8695,3.875,40.95,37.05,3.8,2829.3,589.61275,312.3865,309.54275,58.829,1538.29,716.97275,774.8475,-33.475,150.525,184
1967,859.95,865.35,830.5468229,4904.875,4944.925,4736.932326,3163.2,77.37641138,61.21705052,59.35015367,5.7639075,3.552436435,3033.38707,52.4763774,16.5077998,57.53131873,27.51780858,0.329,17.3885,17.94075,8.211167859,33.375,34.70833333,NA,28.15,17.531,NA,NA,NA,NA,NA,NA,NA,3.841666667,78.07133702,77.34766667,59.887551,59.55504519,74.89108548,74.37583333,65.93541667,39.473,54.1335,130.3611067,129.8734167,57.70434778,5.073333333,4.306666667,4.22,856.6,665.725,481.775,429,170.8,11.625,57.85,20.35,59.45,21.525,93.875,89.075,506.675,142.6985,99.20625,33.627,9.865,207.01775,120.00575,87.01225,3.55,43.45,39.9,3.5,2913.9,568.98475,311.309,301.46525,42.28375,1660.3965,789.717,813.5585,-43.45,153.95,197.4
1968,940.625,946.725,905.108737,5145.925,5188.8,4951.484496,3331.675,78.86841639,62.7792314,59.49084446,5.809506255,3.929494446,3178.98206,53.3924062,17.34457891,58.62615099,28.34378943,0.329,18.06875,18.71425,8.641167549,34.79166667,36.325,NA,29.86666667,18.2775,NA,NA,NA,NA,NA,NA,NA,3.558333333,79.509011,78.71041667,59.96919653,59.61661826,76.47989609,75.913,68.02666667,40.8495,55.095,132.5830198,132.0273333,59.13568767,5.645833333,5.338333333,5.659166667,937.525,730.925,530.75,471.95,182.75,11.65,62.175,20.1,65.275,23.55,101.725,96.1,556.85,156.9185,107.668,40.19925,9.052,225.52575,127.96225,97.56325,1.35,47.925,46.55,1.525,3081.8,602.99475,326.24425,342.2765,38.41775,1716.83575,801.69075,862.26975,-60.725,166.1,226.825
1969,1017.6,1023.75,990.5290307,5306.6,5348.575,5164.769417,3433.775,80.54185793,64.12338716,59.67368709,5.85771566,2.755870116,3327.030298,54.31906462,18.24664979,59.65372277,29.15792849,0.329,18.88275,19.58675,9.174545162,36.68333333,38.41666667,NA,31.91666667,19.175,NA,NA,NA,NA,NA,NA,NA,3.491666667,81.5507615,80.70508333,60.42581887,60.07686839,78.49839284,77.87491667,70.51483333,40.92075,56.6875,134.9580036,134.3345,60.39555805,6.670833333,6.666666667,8.204166667,1016.025,800.35,584.45,518.35,197.65,12.825,64.175,20.325,76.075,24.25,98.4,91.825,603.625,173.5615,120.01325,44.37525,9.173,238.98425,131.19325,107.79075,1.4,51.925,50.5,1.6,3196.725,636.5795,348.92975,353.02025,37.781,1718.43625,781.611,892.2275,-65.575,174.2,239.775
1970,1073.325,1079.7,1081.502798,5316.425,5358.05,5356.33997,3429.325,82.55265086,64.88299287,59.91391474,5.911387842,-0.737372575,3464.560818,55.21791772,19.11829569,60.46906912,29.86915983,0.329,19.7655,20.50425,9.795226011,38.84166667,40.81666667,NA,33.95833333,20.18625,NA,NA,NA,NA,NA,NA,99.13285586,4.983333333,83.61652766,82.79608333,60.69224292,60.39755638,79.29291335,78.66875,71.00741667,41.50525,55.81975,137.7720184,137.0856667,61.73539112,7.348333333,6.391666667,7.183333333,1068,865.025,623.35,551.575,213.4,12.9,64.875,20.675,90.65,24.3,86.275,79.15,646.75,170.0565,124.64475,43.4105,2.00075,252.581,132.80475,119.77625,3.95,59.7,55.75,3.7,3271.975,597.8755,345.83,334.58975,6.97425,1682.11975,733.40625,917.37425,-57.2,192.775,249.975
1971,1164.875,1172.425,1173.623086,5491.45,5537.2,5532.524556,3557.475,84.86920245,65.18831284,60.21259526,5.970870153,-0.740103121,3594.515032,56.17434736,19.91582158,61.17530897,30.46197709,0.329,20.60525,21.4685,10.24546335,40.48333333,42.73333333,NA,36.13333333,21.21075,NA,NA,NA,NA,NA,NA,96.65738513,5.95,85.24018855,84.37616667,60.47296663,60.17528774,79.98544492,79.3545,71.33075,43.12575,55.72525,140.9555659,140.2163333,63.30563708,6.159166667,4.3325,4.6625,1155.325,932.8,665,584.525,230.85,13.4,70.5,21.825,100.1,25.025,100.625,92.8,699.925,196.82325,130.41575,58.1525,8.2555,267.46825,134.47875,132.99,0.625,62.95,62.35,0.325,3396.9,659.488,345.657,423.688,31.159,1650.501,686.50825,946.144,-67.2,196.1,263.3
1972,1279.125,1287.675,1264.044495,5780.05,5829.05,5712.38904,3796.875,87.2518238,65.46939995,60.55941313,6.033413389,1.176928867,3729.294019,57.14701394,20.80001878,61.87632823,31.06621169,0.329,21.308,22.16,10.62193588,41.80833333,44.04166667,NA,37.325,22.128,NA,NA,NA,NA,NA,NA,91.74490533,5.6,87.56851952,87.011,60.7723408,60.37150584,82.46843594,82.13516667,73.78758333,44.62025,57.477,144.0924631,144.1254167,65.28546479,6.21,4.0725,4.434166667,1271.95,1024.45,731.35,638.8,254.45,17.025,78.1,22.75,109.75,26.825,117.2,107.675,768.15,228.14275,146.63575,72.39925,9.10775,286.18925,141.64525,144.5435,-3.375,70.85,74.225,-4.05,3604.95,733.77575,375.7805,497.21525,32.0065,1641.803,664.5485,966.98625,-81.575,211.375,292.95
1973,1425.375,1438,1378.960977,6106.35,6170.55,5906.871371,4072.05,89.62324262,65.90672345,60.94395249,6.093074395,3.382281958,3876.760371,58.19040461,21.81232099,62.57403837,31.71544755,0.329,22.4555,23.00375,11.05827419,44.425,45.575,NA,38.75833333,23.34,NA,NA,NA,NA,NA,NA,85.73692554,4.858333333,89.95682193,89.41066667,61.17307065,60.7821658,85.37108929,85.05133333,76.90166667,45.9965,59.8085,147.0495486,147.0970833,67.30505753,6.8425,7.031666667,8.7275,1419.225,1140.8,812.675,708.775,291.075,29.1,83.45,23.1,125.525,29.9,133.375,118.475,849.575,266.9255,172.7265,78.32175,15.8775,304.7655,146.18525,158.58025,4.125,95.275,91.175,8.875,3783.35,814.0655,425.48975,494.025,48.64225,1636.532,641.1585,994.26425,-55.375,251.15,306.55
1974,1545.25,1560.775,1556.897329,6073.4,6145.5,6116.464343,4011.2,92.05359715,66.44351594,61.35579752,6.144066386,-0.690249999,4037.376814,59.4715326,22.80336363,63.24996445,32.31795028,0.329,24.79325,24.825,12.0118163,49.31666667,49.35833333,NA,42.36666667,25.43375,NA,12.44333333,9.02,NA,NA,NA,85.92162259,5.641666667,92.54353715,91.97591667,61.68341285,61.26783522,87.14509384,86.80258333,78.38308333,45.2255,59.91525,150.0292305,150.1210833,69.13597238,7.5575,7.83,10.5025,1537.8,1251.825,887.7,772.275,315.95,23.475,88.725,23.175,147.4,33.175,125.7,108.25,930.175,274.526,191.069,69.467,13.98975,341.37025,158.8345,182.53575,-0.825,126.65,127.475,5.975,3751.675,760.15225,428.9695,397.1455,36.2825,1672.51175,645.2065,1030.2845,-28.475,271.125,299.575
1975,1684.9,1697.9,1757.063701,6060.85,6118.225,6321.105444,3945.425,94.55713017,66.84894546,61.78453236,6.184254863,-4.122034596,4194.037988,60.90678306,23.54628357,63.91772197,32.78112273,0.329,26.86,26.89875,13.30384199,53.825,53.90833333,NA,47.49166667,27.79625,NA,13.88416667,10.37333333,NA,NA,36.98297575,87.10220805,8.475,94.38804526,93.76983333,61.67603894,61.22661792,86.22166134,85.83025,77.07141667,46.43375,57.3965,153.039449,153.1525833,70.64122826,7.9875,5.775,5.824166667,1671.55,1369.4,947.25,814.85,341.45,21.975,96.225,22.3,168.05,32.9,138.875,124.225,1030.55,257.25375,196.77575,66.73325,-6.2555,381.12775,173.72925,207.3985,15.975,138.7,122.725,19.85,3836.75,637.0125,390.35,349.21825,-15.947,1709.3175,648.61525,1067.909,3.05,269.35,266.3
1976,1873.425,1890.275,1912.324072,6387.425,6454.925,6519.913836,4227.775,97.06760571,67.16804355,62.21974119,6.21413225,-2.030879609,4345.166307,62.35896033,24.22129483,64.59080851,33.17147283,0.329,28.33325,28.534,14.52297088,56.93333333,57.44166667,NA,52,29.32675,NA,13.47166667,10.87666667,NA,NA,39.50866027,89.61048088,7.7,96.77777884,96.15066667,61.78925233,61.57516254,89.0692687,88.7525,79.50741667,48.0505,59.4365,156.0146652,156.1493333,72.26317825,7.611666667,4.974166667,5.045,1852.75,1502.65,1048.35,899.75,371.3,17.2,113.775,20.3,181.05,38.975,174.325,157.8,1147.65,323.2245,219.34575,86.7625,17.1165,404.15275,184.80025,219.35275,-1.625,149.525,151.125,7.1,4050.6,758.58175,412.41075,426.42,42.7215,1718.222,649.53325,1076.89175,-37.225,281.125,318.375
1977,2081.825,2102.125,2097.270475,6682.825,6758.05,6732.926611,4470.25,99.53904047,67.63997815,62.65100815,6.233253391,-0.748845018,4507.057461,63.7849386,25.08712522,65.270983,33.63801663,0.329,30.1765,30.36925,15.69536102,60.61666667,61.03333333,NA,56.975,31.1485,NA,14.52583333,11.95083333,NA,NA,44.22483793,91.29114534,7.05,99.62225287,98.98416667,62.49369954,62.23982672,92.30012099,92.01725,82.59975,48.88025,61.77775,158.8781038,159.03325,73.76724784,7.419166667,5.269166667,5.5375,2062.375,1659.225,1165.825,994.15,411.95,15.975,128.525,15.85,206.875,44.725,205.775,186.675,1273.975,396.61225,259.0595,115.22875,22.324,434.33175,200.3395,233.992,-23.1,159.35,182.425,-10.9,4221.775,866.80375,456.811,513.84825,53.77225,1738.92375,663.371,1081.4735,-65.275,287.9,353.175
1978,2351.6,2373.175,2322.303801,7052.725,7127.8,6966.545293,4770.25,102.0104179,68.29108817,63.0679174,6.239261738,1.225408183,4685.434223,65.21249744,26.18884151,65.95832008,34.20365228,0.329,32.27575,32.382,16.9890659,65.24166667,65.475,NA,61.75,33.33925,NA,14.56166667,12.4475,NA,NA,50.43797688,85.58650237,6.066666667,102.8788891,102.23325,63.35869789,63.14046028,96.37994785,96.04616667,86.82908333,49.567,64.9995,161.7342101,161.91075,75.65005972,8.41,7.188333333,7.930833333,2328.3,1863.725,1316.775,1120.55,468.3,19.925,146.05,16.525,235.075,50.725,238.55,215.7,1422.275,478.3765,314.57575,138.00975,25.79075,476.33675,218.9225,257.414,-25.375,186.875,212.25,-12.65,4406.55,967.07075,519.9325,548.12,56.8195,1788.78925,679.07,1117.13725,-65.475,318.3,383.775
1979,2627.325,2659.275,2604.717515,7276,7375.025,7212.606218,4932.3,104.5069574,69.01447875,63.46005311,6.230052504,0.883075052,4872.425222,66.6887131,27.47315149,66.52417564,34.78164294,0.329,35.14325,34.74275,18.57768646,72.58333333,71.85833333,NA,67.475,36.104,NA,21.5425,17.66416667,NA,NA,56.880859,84.11116043,5.85,105.5048902,104.9605833,63.89635813,63.66451267,99.09042055,98.82525,89.9355,49.5015,67.31025,164.6641335,164.8645,77.14990322,9.4425,10.06916667,11.19416667,2582.3,2082.725,1477.2,1253.325,522.675,22.175,157.275,16.1,269.475,57.65,249.2,214.625,1585.4,539.6495,373.8245,147.84125,17.98425,524.80175,240.574,284.2275,-22.55,230.15,252.675,-1.175,4511.275,1000.96625,571.88375,527.579,34.9205,1820.97925,694.0445,1133.39725,-40.35,349.8,390.175
1980,2857.325,2891.5,2916.85359,7257.325,7355.375,7407.163121,4890.65,106.9216623,69.27656154,63.81702152,6.210060977,-2.018486965,5007.95279,68.19324215,28.73693249,66.34754102,34.96124013,0.329,38.92775,37.936,20.74663376,82.38333333,80.78333333,NA,74.85833333,39.37475,38.275,33.97333333,28.2225,NA,NA,61.67675425,84.18275863,7.175,107.5208784,106.974,63.87658198,63.77191155,99.54509148,99.30333333,90.53158333,49.4735,66.777,167.5747742,167.7455833,78.76237107,11.46,11.43416667,13.35583333,2813.075,2324.45,1622.25,1373.425,588.3,11.7,159.875,19,333.525,64.2,223.15,187.675,1750.675,530.09975,406.911,129.52,-6.331,589.5975,274.86975,314.728,-13.05,280.775,293.825,8.5,4497.175,900.24975,572.0035,417.19875,-11.69725,1853.938,723.091,1131.2505,23.275,387.5,364.175
1981,3207.025,3239.95,3267.174543,7441.475,7528.7,7579.792935,5001.975,109.0258064,69.52215873,64.12789901,6.174861178,-1.819139772,5122.676879,69.57605049,29.98248913,66.01963518,35.05090626,0.329,42.41525,41.25975,23.23722537,90.93333333,89.25,NA,82.925,43.092,41.75,37.0725,35.27833333,NA,NA,63.21423511,91.90627873,7.616666667,109.2046482,108.6759167,64.04724119,63.87862475,100.6057943,100.3995833,91.29216667,50.19325,67.3195,170.0069056,170.1298333,80.04077244,13.91083333,14.025,16.37833333,3169.325,2603.2,1792.55,1511.4,687.375,19.025,160.65,23.775,414.2,69.725,245.875,216.2,1933.925,631.229,472.93825,128.482,29.80875,654.381,313.97975,340.40125,-12.55,305.25,317.75,3.4,4559.55,979.4895,607.08975,382.8785,48.588,1871.86475,755.4385,1107.69125,18.5,392.2,373.7
1982,3343.8,3380.3,3566.267168,7307.3,7397.85,7792.565671,4848.925,110.8728191,70.28267417,64.40374452,6.138986252,-6.221059561,5275.730037,70.81603072,31.11264589,66.33382178,35.46578045,0.329,44.77125,43.94175,25.81134587,96.53333333,95.85,NA,92.61666667,45.75625,44.7,33.59333333,31.89,NA,NA,63.9834578,106.6826816,9.708333333,110.6809381,110.2440833,64.14091227,63.9941008,99.71534934,99.52916667,89.68458333,49.78075,65.80225,172.1474813,172.2711667,80.95791014,13.00166667,10.61416667,12.25833333,3335.125,2789.45,1893,1587.5,749.925,13.325,157.875,23.825,481.75,73.15,227.725,195.15,2071.275,581.03375,485.099,110.84775,-14.9135,711.473,348.336,363.137,-19.975,283.2,303.2,-3.3,4626.3,856.458,589.21375,313.5185,-24.619,1905.5055,782.6745,1109.0765,-6.8,362.15,368.975
1983,3634.025,3671.125,3816.011463,7642.275,7730.8,8026.147285,5150.125,112.5647386,71.30122514,64.64731215,6.10164071,-4.794735484,5446.780109,71.96143116,32.18705464,67.01488898,36.03281438,0.329,46.6755,46.191,28.13655767,99.58333333,99.6,NA,100.6583333,47.54475,47,29.34666667,29.00833333,NA,NA,68.54691056,118.2272494,9.6,112.0305456,111.5154167,64.20703705,64.0095684,101.0393885,100.8216667,90.28866667,51.81475,67.13225,174.1261629,174.2155,81.76737786,11.105,8.610833333,9.086666667,3577.175,2981.7,2012.475,1677.5,810.925,6.2,180.075,24.425,518.25,81.975,277.9,242.85,2281.6,637.517,482.15475,161.11275,-5.751,766.557,382.3575,384.19975,-51.625,277,328.65,-35.05,4888.225,936.3915,586.613,445.14425,-9.75775,1976.61825,831.63625,1123.75925,-62.725,352.775,415.5
1984,4037.65,4073.9,4083.276447,8195.3,8280.2,8288.16867,5585.325,114.1416709,72.61144555,64.85006896,6.061839766,-1.12359071,5637.072082,73.0376498,33.66401316,67.72976715,36.74202745,0.329,48.43875,48.10625,30.21622401,103.9333333,104.7,NA,106.975,49.26175,49.075,28.86583333,28.63083333,NA,NA,70.64368902,129.201221,7.508333333,113.8307068,113.5318333,64.53843163,64.36621966,105.0232355,105.00275,94.54258333,52.979,71.215,176.0073619,176.3829167,83.49437951,12.43833333,9.5225,10.225,3996.175,3288.675,2215.875,1844.925,929.625,20.925,207.3,24.65,590.925,85.825,337.25,300.7,2492.35,820.08975,564.321,190.364,65.405,827.9105,411.8045,416.106,-102.725,302.375,405.125,-90.05,5145.375,1191.9435,684.415,510.8375,97.11575,2046.0205,857.8815,1167.20175,-135.1,381.525,516.65
1985,4339,4364.375,4358.468678,8537,8598.5,8575.459808,5831.75,115.6996695,74.11665932,65.02489723,6.018425084,-0.45103389,5846.723447,74.10703609,35.34181826,68.45227124,37.55859158,0.329,50.1285,50.06025,32.06024346,107.6,109.2833333,NA,113.6166667,50.8205,51.225,26.99833333,26.74666667,NA,NA,73.94401392,139.2894158,7.191666667,115.6301673,115.4674167,64.85351139,64.79428004,107.0976464,107.154,97.52866667,53.89925,73.0875,177.9205839,178.2056667,84.99912813,10.62333333,7.479166667,8.100833333,4284.875,3522.9,2387.3,1982.525,991.575,20.975,220.075,26.225,630.5,93.8,353.1,314.95,2712.825,829.65175,607.751,200.0765,21.8245,910.5165,452.909,457.6075,-114,303.2,417.25,-114.325,5411.775,1191.18475,729.554,522.54275,31.26075,2182.56075,923.88375,1233.37725,-155.875,394.3,550.175
1986,4579.625,4596.575,4597.503801,8832.6,8876.45,8867.011996,6051.85,117.3497169,75.55900801,65.20678791,5.970210419,-0.386618394,6056.437677,75.2418124,36.85514089,69.18248261,38.31908825,0.329,51.219,51.7875,33.95899032,109.6916667,113.7083333,NA,122.1666667,51.85025,52.975,14.3225,14.63583333,15.03666667,NA,79.5415594,130.5274167,7,117.7056908,117.8455833,65.31198145,65.25661612,109.2756694,109.6005833,99.4975,55.5025,73.65775,179.9553089,180.58675,86.21969709,7.6825,5.978333333,6.805,4499.775,3731.175,2542.05,2102.325,1041.025,22.775,233.7,18.275,663.15,103.125,323.55,284.1,2886.275,849.14725,607.7645,234.812,6.5705,976.076,481.65775,494.418,-131.875,321,452.85,-142.675,5635.175,1193.0675,716.98,587.356,10.22625,2301.06375,977.89375,1295.28025,-172.6,424.55,597.125
1987,4855.25,4872.7,4864.656863,9137.75,9179.625,9155.800684,6271.275,119.032155,76.91728176,65.404067,5.916851651,-0.201029259,6260.919243,76.404339,38.22479901,69.92048348,39.01020974,0.329,52.80175,53.46,36.10619359,113.6166667,118.175,NA,130.175,53.12625,54.625,18.04666667,17.86583333,19.17166667,NA,85.64948941,126.0517562,6.175,119.7792582,119.8528333,65.63141344,65.58163836,112.165256,112.4393333,102.1144167,55.80125,75.91575,182.0084314,182.75275,87.54374076,8.384166667,5.775,6.6575,4811.625,3946.8,2722.425,2256.275,1079.425,28.875,257.6,16.6,674.35,102,370.8,322.8,3076.275,892.17725,615.2385,249.78975,27.149,1031.52975,502.78475,528.74475,-144.775,363.975,508.7,-154.1,5826.075,1226.97175,717.619,598.91425,41.113,2367.85025,1013.74525,1323.39975,-161.65,470.95,632.575
1988,5236.425,5259.125,5191.168677,9519.425,9569.575,9437.48676,6556.625,120.5694476,78.27300107,65.59827793,5.859167609,0.865570543,6462.107169,77.48014292,39.59944533,70.66635694,39.70477831,0.329,54.8655,55.732,38.81335981,118.275,123.425,NA,138.625,55.0025,56.65,14.62083333,14.68166667,15.9825,NA,90.60961527,123.393476,5.491666667,121.6490507,121.6706667,65.93781905,65.90559035,114.7408184,114.9740833,105.3753333,56.7235,78.083,183.8161841,184.6125833,88.92452203,8.845833333,6.6675,7.568333333,5233.6,4280.025,2947.975,2439.8,1196.075,26.8,298.75,22.5,720.05,127.975,416.225,359.275,3330,936.96275,662.28,256.20025,18.48225,1078.855,511.4395,567.41575,-109.4,444.6,553.975,-115.75,6069.425,1257.243,753.5105,593.62075,26.9765,2397.24475,998.61275,1374.253,-110.125,547.3,657.45
1989,5641.6,5666.35,5553.090512,9869,9920.55,9714.052133,6796.9,121.9312032,79.66712953,65.76242861,5.798237899,1.596211424,6662.483105,78.45000141,41.01004498,71.41947476,40.42990926,0.329,57.2615,58.0455,42.09190635,123.9416667,128.9666667,NA,149.25,57.159,59.05,18.06916667,17.9575,19.64083333,NA,95.92970979,126.5022576,5.258333333,123.6678172,123.8506667,66.49231968,66.44592888,116.9323261,117.327,108.0468333,57.22525,80.23475,185.4093861,186.3926667,90.41658696,8.498333333,8.111666667,9.216666667,5573.75,4621,3139.6,2583.075,1322.375,33.025,308.1,21.525,802.25,157.475,418.725,351.6,3576.775,999.70075,715.9935,256.0145,27.69325,1151.862,534.10425,617.75825,-86.775,504.3,591.05,-92.375,6246.4,1308.10025,796.108,574.40925,37.673,2465.29875,1014.527,1428.54725,-75.75,610.625,686.425
1990,5963.125,5997.85,5922.97028,10055.15,10120.125,9986.559264,6899.1,123.323603,80.97735987,65.87104769,5.734892601,0.693650975,6862.846279,79.46620469,42.30249584,72.15671928,41.11323718,0.329,59.77525,60.3975,45.59003239,130.6583333,135.4583333,NA,162.8083333,59.30675,61.525,22.20166667,22.33666667,24.4675,NA,98.77750634,123.5845935,5.616666667,124.8406996,125.8566667,66.48320597,66.53348556,117.7573229,118.7956667,109.5279167,58.18125,80.10425,187.1926807,189.16375,91.12283795,8.55,7.493333333,8.099166667,5867.775,4913.3,3340.375,2741.175,1386.175,32.175,321,28.175,835.125,169.7,419.325,343.25,3808.975,993.449,739.23375,239.66875,14.54625,1238.5555,562.3765,676.179,-77.85,551.85,629.75,-74.9,6372.175,1274.34525,804.6835,525.625,20.322,2544.189,1036.21775,1487.24325,-46.45,664.525,710.95
1991,6158.125,6189.7,6284.035219,10044.225,10100.375,10249.50752,6856.175,124.9592046,82.02181111,65.97277151,5.669821752,-2.002108721,7059.640202,80.67756704,43.32557745,72.86441135,41.65722926,0.329,61.774,62.5545,49.06170449,136.1666667,142.1166667,NA,177.0166667,61.30275,63.825,18.73916667,19.08416667,21.5025,NA,100.31,124.5749783,6.85,125.6406963,126.3524167,66.12186604,66.179346,116.9860352,117.7125833,108.4340833,59.13425,78.326,189.4225561,190.9248333,92.11339186,7.858333333,5.375,5.6875,6065.425,5089.9,3450.5,2814.475,1401.475,26.8,327.375,38.575,827.675,181.05,448.725,372.25,3943.45,944.3435,723.58425,221.15375,-0.39425,1298.95075,582.93625,716.0145,-28.625,594.925,623.55,7.9,6383.675,1190.02525,773.00975,478.787,-2.22425,2574.73775,1036.82225,1519.236,-1.4,708.475,709.875
1992,6520.325,6551.4,6595.204926,10398.025,10452.625,10517.71758,7134.45,126.8241115,82.93042311,66.12242325,5.603803916,-1.141008187,7262.744568,82.05633838,44.34567912,73.5645973,42.13554975,0.329,63.42025,64.45575,52.40818557,140.3083333,147.3166667,NA,190.0583333,62.70075,65.675,18.115,18.38916667,20.56333333,NA,102.78,129.2947919,7.491666667,127.6406332,128.0990833,66.15483928,66.43963203,117.9933674,118.4879167,108.7915833,61.77025,78.02125,191.7905981,192.8053333,93.20984845,7.01,3.431666667,3.521666667,6404.8,5417.5,3668.25,2965.575,1456.15,34.775,365.375,60.575,806.15,189.275,481.275,408.175,4197.575,1013.00625,741.937,254.74125,16.32775,1344.5,588.45325,756.047,-34.725,633.075,667.8,-45.575,6618.6,1276.73675,795.2165,544.79025,22.03825,2586.6665,1020.5565,1551.30875,-2.075,757.525,759.625
1993,6858.55,6889.75,6937.805313,10684.175,10738.25,10807.69432,7354.4,128.746403,83.94433926,66.2684863,5.522645398,-1.143535824,7484.620751,83.49230366,45.6235486,74.27070835,42.67586716,0.329,65.00025,66.2065,55.05259323,144.475,152.2,NA,201.4,64.18875,67.575,16.17,16.41833333,18.45083333,NA,105.2425,142.1473033,6.908333333,128.909834,129.1853333,65.94943431,66.30399386,119.9087694,120.2586667,110.9336667,61.84125,80.33625,194.2980504,194.8375833,94.49975503,5.873333333,2.9975,3.0225,6703.125,5652.85,3817.3,3079.35,1520,31.35,396.625,90.075,796.825,205.125,530.7,453.8,4452,1106.8255,799.204,286.8085,20.8135,1364.92225,580.169,784.75325,-65.175,654.8,719.975,-79.375,6849.175,1378.8185,854.75875,589.37025,27.27875,2565.48575,984.71125,1571.08,-43.05,782.3,825.325
1994,7287.25,7310.225,7288.861594,11114.65,11155.75,11117.30095,7693.225,130.6450204,85.09412373,66.41614598,5.443640869,-0.026198374,7723.699848,84.91705143,47.16447713,74.98359702,43.30008956,0.329,66.3565,67.688,57.16255142,148.225,156.5,NA,211.025,65.55675,69.5,15.41083333,15.52583333,17.19166667,1.889166667,108.7225,154.1170693,6.1,130.1750509,131.0466667,66.15332312,66.58367295,122.2821612,123.0711667,114.3861667,62.272,83.4565,196.7029909,196.8145,95.44469071,7.08,4.246666667,4.201666667,7147.975,5940.9,4006.2,3236.575,1613.975,34.675,421.975,113.675,806.325,237.325,634.1,556.1,4720.975,1256.4845,868.85275,323.84725,63.7845,1402.27425,574.68375,827.59075,-92.5,720.925,813.45,-115.6,7114.55,1541.89425,921.9715,642.24825,85.414,2567.65625,949.27475,1615.231,-72.375,851.425,923.8
1995,7639.75,7667.7,7660.548533,11413.025,11459.85,11444.0256,7957.55,132.4890111,86.37572081,66.51614967,5.366366987,-0.26995583,7980.175311,86.31064129,49.00859642,75.70332837,44.01550227,0.329,67.75375,69.16275,59.06648585,152.3833333,161.225,NA,220.45,66.9325,71.55,17.14666667,17.23083333,18.43916667,1.725,111.505,158.7417938,5.591666667,131.8897033,132.3151667,66.27922044,66.62950724,124.5136687,124.90825,117.4105833,62.9455,85.399,199.1757572,198.5840833,96.69815547,6.58,5.49,5.836666667,7547.6,6283.35,4198.075,3418.025,1734.675,22.05,459.175,124.9,869.35,259.2,716.65,623.725,4962.6,1317.48925,962.247,324.069,31.17375,1449.4305,576.682,872.7485,-89.75,812.825,902.55,-105.875,7324.45,1591.364,1011.01175,620.502,39.1565,2580.767,923.97925,1659.1685,-58.775,938.925,997.7
1996,8073.125,8103.975,8045.43112,11843.6,11893.725,11803.16903,8315.025,134.3269083,87.86712886,66.55402959,5.294981491,0.339156353,8266.598503,87.700624,51.1859189,76.51559887,44.8723649,0.329,69.2025,70.474,60.44324969,156.8583333,165.5583333,NA,228.2666667,68.15625,73.925,20.59916667,20.70916667,22.11333333,2.753333333,114.7275,166.4963786,5.408333333,133.9943226,133.95125,66.38665364,66.77786961,126.7592581,126.7201667,119.8201667,64.264,87.401,201.8316099,200.5905833,97.66433312,6.438333333,5.005833333,5.298333333,8016.1,6666.175,4416.925,3616.475,1875.125,37.325,506.45,142.525,886.4,302.425,803.575,701.575,5244.6,1432.05475,1043.19425,358.06125,30.79925,1492.848,579.15975,913.6885,-96.375,867.575,963.975,-115,7578.625,1730.475,1102.753,671.18425,38.3335,2604.70475,912.71425,1698.02325,-68.775,1015.675,1084.475
1997,8577.55,8600.85,8487.241779,12370.3,12408.95,12240.19074,8744.35,136.1309279,89.91249025,66.55020261,5.232664943,1.059630128,8625.457725,89.06556315,53.80782655,77.76863126,46.10240928,0.329,70.407,71.7175,61.61936051,160.525,169.5083333,NA,234.5916667,69.3375,76.525,18.55416667,19.06333333,20.61,2.485833333,117.9625,176.8854023,4.941666667,136.483856,136.301,66.73320628,67.09915168,129.7323891,129.5723333,122.93,65.50375,90.17475,204.5567882,203.13325,98.83927841,6.3525,5.060833333,5.46,8567.3,7073.975,4708.825,3876.85,1997.55,32.375,551.575,147.075,928.75,337.775,889.875,782.3,5536.8,1595.6005,1149.08825,375.5855,70.9265,1547.133,583.28925,963.84425,-101.95,953.825,1055.775,-130.125,7864.025,1927.83125,1221.5245,687.45525,92.10075,2647.4145,905.216,1752.265,-93.875,1136.625,1230.5
1998,9062.825,9080.225,8936.604015,12924.875,12954.45,12744.98025,9234.35,137.8933067,92.42370519,66.53297307,5.180963211,1.408636529,9048.911074,90.39842607,56.86563997,79.35020012,47.65242592,0.329,70.96725,72.6295,62.82405687,163.0083333,173.3833333,NA,242.125,70.1015,79.625,12.0975,12.53916667,14.44666667,2.09,123.6425,190.2129941,4.5,138.5737573,137.6798333,66.8584657,67.08877501,132.3486827,131.4759167,126.13525,67.6965,92.14175,207.2532754,205.2200833,100.1226581,5.264166667,4.776666667,5.353333333,9119.225,7588.35,5071.15,4181.625,2157.9,28.575,611.7,165.2,994,358.425,835.175,732.425,5877.225,1736.671,1254.14425,418.80725,63.71925,1611.6085,585.5155,1026.09325,-162.7,952.975,1115.675,-205.35,8281.65,2111.478,1354.46675,746.86475,89.7435,2711.63825,897.20175,1829.7725,-211.15,1163.2,1374.35
1999,9631.175,9662.05,9453.307449,13543.775,13583.6,13293.80703,9771.425,139.7161063,95.14587527,66.55282329,5.139729273,1.877537691,9512.04867,91.76540314,60.27448661,81.02297391,49.34513443,0.329,72.0015,73.58325,64.34993255,166.5833333,176.975,NA,250.5583333,71.08425,82.3,17.27083333,17.4125,19.26083333,2.269166667,131.1425,191.1531219,4.216666667,140.5413303,139.3799167,66.94035873,67.08933181,134.62988,133.5009167,129.2280833,70.34825,93.826,209.9396206,207.7529167,101.4689134,5.636666667,4.638333333,4.97,9660.5,7978.6,5402.7,4457.925,2211.025,28.05,668.3,178.5,987.7,348.475,866.75,745.05,6283.725,1887.059,1364.477,461.766,60.8155,1719.905,610.72225,1109.18275,-259.55,992.925,1252.45,-276.625,8727.275,2290.672,1488.5395,793.74325,84.0445,2800.165,913.2745,1904.7815,-312.575,1221.125,1533.7
2000,10250.95,10289.425,10074.84251,14096.025,14144.975,13853.65086,10198.775,141.4983338,97.90429552,66.5635741,5.107618204,1.752125095,9985.711151,93.00409024,63.80337476,82.70020747,51.11296949,0.329,73.82225,74.8975,66.22907542,172.1916667,181.2916667,NA,260.75,72.70875,85.65,27.6825,28.23583333,30.30083333,4.31,139.89,196.5691895,3.966666667,142.5420266,142.58575,67.060578,67.07548108,136.8592285,136.9006667,132.0175,72.4555,95.0875,212.5616702,212.57675,102.6548919,6.029166667,5.816666667,6.235833333,10346.75,8621.3,5847.125,4824.975,2392.7,31.2,722.35,183.475,1069.3,386.375,826.4,680.75,6767.175,2038.408,1498.43175,485.432,54.5445,1826.4375,633.069,1193.3685,-381.075,1096.125,1477.2,-396.875,9166.9,2444.90825,1627.52225,798.95525,75.02525,2851.16525,915.9615,1955.379,-410.45,1322.625,1733.075
2001,10581.925,10632.275,10666.16233,14230.725,14294.65,14343.51869,10266.575,143.1626498,100.1887468,66.51731341,5.082887744,-0.780321709,10389.27677,93.71815052,66.67359195,84.25685303,52.77453478,0.329,75.302,76.3175,68.55803366,177.0416667,186.125,104.2902352,272.7666667,74.38475,88.8,21.9875,22.95166667,25.9475,3.959166667,149.5275,206.5735409,4.741666667,143.7069523,143.7689167,66.76790885,66.84105518,136.896907,136.9393333,132.0784167,74.325,93.32675,215.2349371,215.0925,103.9446754,5.0175,3.388333333,3.8875,10698.65,8993.15,6038.35,4953.65,2495.4,32.15,798.9,202.4,1087.55,374.4,787.175,618.375,7073.8,1934.8415,1460.06725,513.0585,-38.284,1950.0335,670.21175,1279.822,-376.75,1026.8,1403.55,-391.425,9393.9,2307.396,1592.269,806.164,-49.138,2958.6615,952.06325,2027.34575,-441.6,1248.825,1690.4
2002,10929.1,10974.9,11123.42858,14472.7,14529.575,14729.84189,10439.85,144.4581953,101.9651195,66.32956639,5.064154654,-1.744161878,10692.55489,93.87142483,68.57234042,85.73261358,54.22694787,0.329,76.291,77.59325,70.46780416,179.8666667,190.4416667,105.6052083,285.6333333,75.49975,91.65,23.63333333,24.01916667,26.115,3.3575,160.0075,206.5049683,5.783333333,144.6605296,144.8560833,66.41896445,66.57945567,136.2739247,136.4809167,130.6335833,77.49875,91.00125,217.8040029,217.5695833,105.3181612,4.610833333,1.6025,1.666666667,11010.775,9150.05,6135.1,4995.85,2481.225,20.3,849.85,208.45,1001.15,401.475,930.375,773.6,7348.95,1930.41725,1352.84825,557.5945,19.97475,2089.495,743.09675,1346.398,-439.75,998,1437.7,-455.425,9632.75,2287.68475,1483.08425,854.96975,23.14425,3090.5145,1022.5695,2086.22775,-528.025,1224.425,1752.425
2003,11456.45,11514.95,11612.44413,14877.325,14949.3,15080.56845,10763.475,145.5875233,103.5831859,66.10332758,5.050789524,-1.352678366,10958.96419,93.85508497,70.15679257,87.21305495,55.58768243,0.329,77.894,78.84525,72.97638446,184,193.225,107.7559355,297.0583333,77.0115,94.25,27.845,28.60416667,31.12083333,5.498333333,172.2225,192.2991578,5.991666667,145.3888257,146.4995,66.0176427,66.23952459,136.6548283,137.72925,130.3251667,80.35375,90.48675,220.2343293,221.1679167,106.110569,4.015,1.010833333,1.1275,11480.65,9481.775,6353.6,5138.275,2560.175,37.1,860.375,227.1,1004.375,431.225,1077.05,918.15,7740.775,2027.0555,1375.8795,637.082,14.094,2210.59975,826.769,1383.83025,-521.975,1035.175,1557.125,-527.65,9937.55,2386.38075,1520.0335,932.65675,20.12875,3153.886,1090.0125,2076.38725,-592.05,1250.2,1842.2
2004,12217.175,12293.925,12223.31667,15449.775,15542.725,15457.92523,11228.25,146.845849,105.2651148,65.91781458,5.042786053,-0.054919023,11243.44453,93.92221205,71.95804049,88.71906078,56.98979366,0.329,79.8275,80.3965,75.54120579,188.9083333,196.6416667,110.4549364,310.1416667,79.06875,96.75,35.79333333,36.91333333,41.44333333,5.905833333,188.4425,181.8474335,5.541666667,146.4884988,147.3795833,65.76064173,65.98401704,138.3649959,139.23975,131.7555,82.7495,91.66,222.7669552,223.3568333,107.6033607,4.274166667,1.371666667,1.349166667,12245.3,10015.875,6719.5,5421.025,2704.375,52.425,910.5,242.775,939.325,559.35,1320.525,1125.425,8231.95,2281.25325,1467.36875,749.81675,64.06725,2338.1235,892.123,1446.0005,-634.15,1176.375,1810.5,-637.75,10312.2,2606.9735,1605.27525,1025.70725,79.03825,3202.196,1137.062,2073.8405,-673.75,1370.775,2044.55
2005,13039.2,13114.025,12929.22907,15987.95,16075.075,15853.13777,11667.5,148.2457874,106.9369914,65.74375174,5.040157637,0.850268275,11539.80166,94.07903395,74.07700299,90.11836704,58.39433408,0.329,82.12725,82.158,77.88489185,195.2666667,200.8666667,113.6863747,323.225,81.53725,99.15,48.92583333,50.31833333,56.4925,8.813333333,208.17,176.111044,5.083333333,148.3441068,149.2891667,65.79264273,66.03283637,140.7772851,141.7100833,134.0231667,84.55825,93.21,225.4800588,226.0825833,109.4813374,4.29,3.146666667,3.213333333,13096.225,10546.125,7066.1,5691.375,2836.625,47.9,931.225,221.125,1081.325,555.05,1530.05,1304.325,8769.05,2534.72025,1620.98575,856.22125,57.51325,2475.3135,947.787,1527.5265,-739.925,1301.575,2041.5,-751.175,10677.4,2782.2355,1728.4975,1092.98725,67.06675,3226.19275,1159.74675,2073.55825,-711.225,1465.975,2177.25
2006,13815.6,13862.05,13640.79481,16433.15,16483.55,16224.99948,12056.625,149.7919639,108.3159033,65.59418599,5.04211399,1.283917654,11808.78408,94.32839852,76.53343845,91.09749906,59.59750035,0.329,84.44,84.126,80.34571011,201.5583333,205.9166667,116.9851459,336.1916667,84.0745,102.05,58.8875,60.09666667,66.01833333,6.744166667,220.2775,172.3621444,4.608333333,150.5172645,151.4088333,65.91199959,66.17072975,143.530523,144.4175833,136.4326667,85.401,95.369,228.3646972,228.8146667,110.6954231,4.791666667,4.726666667,4.964166667,14025.375,11301.975,7479.65,6056.75,3130.975,34.3,1016.55,181.1,1215.45,683.575,1696.1,1456.4,9277.25,2700.9545,1793.801,838.164,68.98925,2623.84625,1001.189,1622.657,-786.45,1470.175,2256.625,-819.325,10986.775,2867.9025,1867.26025,1010.87775,84.864,3277.2435,1187.27075,2096.281,-712.125,1604.925,2317
2007,14474.25,14569.9,14303.96365,16762.45,16867.775,16565.34558,12330.75,151.2606963,109.5143234,65.42467718,5.046378796,1.189274169,12053.8146,94.58087941,79.20376851,91.78097727,60.67170601,0.329,86.60675,86.0015,82.97431261,207.3441667,210.7250833,119.9571358,351.0649167,86.3515,105.5,67.13416667,67.98083333,72.31833333,6.984166667,220.0325,163.8249331,4.616666667,151.9537414,153.1230833,65.72288212,66.03959066,144.8919886,146.0501667,137.9783333,86.75825,96.0125,231.2073039,231.867,111.2580337,4.629166667,4.353333333,5.019166667,14461.925,11932.1,7878.475,6396.4,3286.925,41.475,953.875,186.275,1325.25,780.05,1595.8,1258.025,9746.575,2673.01025,1948.563,690.4975,33.95,2790.556,1051.02475,1739.5315,-735.95,1659.3,2395.25,-740.875,11253.85,2796.02275,1996.05925,821.92075,38.045,3335.8565,1210.4395,2131.694,-630.9,1745.55,2376.45
2008,14769.85,14915.05,14866.12015,16781.5,16940.125,16889.71758,12221.025,152.5138837,110.7415029,65.21897667,5.048983862,-0.634562721,12320.05193,95.00148009,81.52159415,92.56942466,61.73716226,0.329,89.16975,87.6875,85.11868843,215.25425,215.5650833,124.4350812,364.0715,87.97725,108.625,92.29583333,94.29,99.57166667,8.855,202.015,160.0988074,5.8,153.6271475,154.3215833,65.692435,66.00942782,144.6892674,145.37325,137.2263333,87.89225,93.93225,233.8558389,233.788,111.6742583,3.666666667,1.365,1.9275,14578.675,12425.65,8056.85,6534.125,3402.05,39.5,920.775,290.25,1345.85,805.675,1345.625,955.45,10050.075,2477.61325,1990.87075,515.9835,-29.24125,2983.035,1151.9605,1831.07475,-740.875,1835.275,2576.175,-704.25,11270.725,2564.26,2008.3165,622.9555,-32.33125,3420.0865,1287.19825,2136.81775,-478.8,1846.6,2325.4
2009,14478.05,14628.3,15185.91385,16349.125,16514.05,17148.55336,11754.375,153.4788699,111.7319838,64.94891877,5.044721331,-4.662088481,12545.76145,95.35533301,82.75331655,93.46910864,62.63508831,0.329,88.92125,88.5025,87.46031686,214.5646667,219.2366667,123.8595136,375.6081667,88.5565,110.35,59.3675,59.20416667,61.65416667,3.9525,189.89,171.9344561,9.283333333,153.7415701,154.1885,65.05262642,65.39015987,139.4491109,139.8939167,131.291,91.46975,86.83425,236.3093494,235.801,112.2956455,3.256666667,0.15,0.16,14286.35,12065.675,7759.025,6249.125,3124.15,27.6,910.5,347.575,1272.85,565.625,1425.65,1076.875,9891.225,1929.6635,1690.43175,390.00375,-150.77175,3076.33825,1220.78475,1855.55325,-419.175,1582.775,2001.95,-383.1,11123.575,2025.28975,1716.39,487.933,-170.28125,3542.7145,1367.3855,2177.853,-338.675,1693.125,2031.775
2010,15048.975,15254.6,15569.03582,16789.775,17013.925,17370.38691,12139.2,154.3220958,112.5589087,64.64943414,5.028204694,-3.344222725,12744.30138,95.66177573,83.75747731,94.3935076,63.42244601,0.329,90.5135,89.785,89.73651692,218.0761667,221.3358333,125.6257954,388.4231667,89.6185,112.125,75.9175,76.69666667,79.395,4.3875,184.2775,164.5815767,9.608333333,153.7241616,153.88525,64.39404819,64.70453427,138.8624441,139.0771667,130.33475,94.35625,86.90625,238.6944949,237.8293333,112.9034104,3.214166667,0.136666667,0.175,14979.525,12556.6,7925.35,6372.5,3289.825,38.675,1069.8,433.675,1211.05,536.625,1774.45,1388.7,10260.25,2165.47275,1734.98075,376.57475,53.91725,3155.55125,1300.15725,1855.3935,-532.3,1857.25,2389.575,-439.8,11335.625,2309.04325,1794.28525,472.83,54.39375,3539.65425,1422.589,2117.0125,-388,1907.25,2295.25
2011,15599.725,15837.65,16123.65065,17052.4,17306.225,17625.21993,12389.75,155.2594637,113.5205559,64.38227253,4.995261521,-3.250671237,12977.83341,96.05409181,85.32421634,95.32704876,64.32073957,0.329,92.80375,91.2095,91.55817892,224.923,225.0064167,129.4616804,400.24125,91.466,113.95,102.5008333,101.7516667,94.87416667,3.996666667,176.3125,157.2972691,8.933333333,154.0645109,153.6236667,63.88670369,64.11214185,140.2415091,139.8851667,131.9166667,94.33275,88.7245,241.1524837,239.6175,113.5402299,2.785833333,0.0525,0.101666667,15624.025,13309.6,8226.175,6626.175,3641.35,63.925,1164.4,506.55,1216.05,690.425,1862.45,1449.85,10698.85,2332.56225,1907.46475,378.8355,46.262,3147.929,1299.76275,1848.16675,-579.625,2115.85,2695.475,-460.325,11528.5,2463.141,1951.25325,472.15,44.37125,3426.85175,1384.19875,2042.31875,-361.625,2044.15,2405.8
2012,16253.95,16486.675,16695.61641,17442.775,17686.3,17916.51732,12803.2,156.1971706,114.703914,64.12402665,4.944236457,-2.64310947,13247.87781,96.54369816,87.33144296,96.26982254,65.3260462,0.329,94.534,92.8965,93.37331396,229.5860833,229.7568333,131.9803744,414.9234167,93.176,116.025,101.0708333,100.9991667,94.11083333,2.7525,181.0575,162.8915323,8.075,155.4177244,154.9738333,63.80167776,63.70080642,142.8647041,142.4745833,134.1541667,95.218,90.834,243.6000689,243.2843333,114.5551244,1.8025,0.085833333,0.14,16407.625,13917.8,8567.375,6928.15,3937.95,60.975,1238.95,534.5,1271.8,831.725,2057.75,1652.375,11047.375,2621.7535,2118.52725,432.015,71.21175,3136.4705,1287.01025,1849.4605,-551.625,2217.7,2769.325,-424,11686.125,2735.269,2137.12625,533.309,69.17875,3355.9575,1357.85525,1997.7035,-338.425,2126.3,2464.725
2013,16880.675,17110.925,17282.55527,17812.175,18049.25,18236.47127,13139.5,157.0467316,116.1206804,63.84940369,4.876775216,-2.327891035,13542.34949,97.11017773,89.56981173,97.22192025,66.38849582,0.329,95.7805,94.28475,94.50887688,232.95175,233.8104167,133.590541,425.1325,94.786,118.225,98.02916667,100.4666667,97.90583333,3.726666667,193.53,165.2113306,7.358333333,155.961968,155.3975,63.41049938,63.25271919,144.4454811,143.9406667,136.3605,95.78875,92.6615,245.9549733,245.6793333,115.2832867,2.350833333,0.058333333,0.1075,16910.5,14068.775,8835.075,7114.025,3913.675,87.525,1264.2,578.7,1201.6,781.65,2081.15,1682.325,11388.25,2838.32675,2221.31175,511.53775,105.477,3132.5765,1227.3835,1905.19275,-478.45,2287.9,2766.4,-351.2,11889.925,2938.66625,2238.56475,601.14025,103.5425,3275.59025,1283.91825,1991.76075,-304.325,2190.3,2494.6
2014,17608.125,17843.275,17916.49165,18261.7,18499.725,18582.00686,13586.725,157.9535469,117.6414808,63.59267119,4.797796298,-1.726916239,13859.25591,97.7676855,92.04077889,98.18343409,67.48503887,0.329,97.121,95.697,95.82573987,236.715,237.9023333,135.5205016,435.306,96.43625,120.625,89.56666667,92.22833333,93.25833333,4.368333333,202.85,170.0642706,6.158333333,156.6834464,155.92025,63.08184775,62.884711,147.0056022,146.3186667,138.9226667,96.75425,94.8565,248.386055,247.9465833,116.3690644,2.540833333,0.0325,0.089166667,17749.075,14784.1,9250.175,7476.325,4145.925,68.475,1301.475,598.525,1260.4,917.05,2212.825,1807.95,11874.475,3073.981,2425.1545,564.034,84.79175,3168.607,1217.07225,1951.5345,-508.925,2378.55,2887.45,-375.1,12226.45,3128.993,2421.0495,626.80075,85.09925,3247.26275,1251.93725,1995.34275,-347.575,2275.775,2623.325
2015,18295,18515.175,18446.74533,18799.6,19021.225,18955.49047,14087.6,158.9790899,119.2317512,63.37445798,4.714595328,-0.821730338,14199.99783,98.50724287,94.71225697,99.1546078,68.62504869,0.329,97.299,96.87425,96.82926739,237.00175,242.2575,135.358023,446.76175,97.27675,123.325,46.51416667,48.3975,48.68833333,2.6125,213.23,194.3999858,5.275,157.7654632,157.1380833,62.88172361,62.65481503,149.4319403,148.8446667,141.8013333,97.98325,97.125,250.8450207,250.8005833,117.7806451,2.135833333,0.0525,0.1325,18388,15473.725,9699.425,7859.5,4293.675,55.45,1292.25,601.375,1347.725,996.875,2173.15,1777.9,12297.45,3288.4815,2507.50375,640.85525,140.12275,3233.4195,1222.77675,2010.643,-524.3,2270.6,2794.95,-423.075,12638.8,3323.387,2498.88225,693.16225,133.63825,3313.57375,1252.73325,2060.776,-476.45,2283.05,2759.5
2016,18804.9,19036.275,19004.70003,19141.675,19372.9,19345.08271,14372.275,160.0823089,120.8437388,63.19263783,4.635290881,-1.051717041,14549.35757,99.2930606,97.33566205,100.1356898,69.75697368,0.329,98.2845,98.42625,98.34982423,240.0054167,247.6035833,136.6215296,463.6781667,98.208,126.25,38.67666667,40.59583333,43.14416667,2.4925,225.085,203.3821839,4.875,159.7351513,159.1875,63.05214569,62.78668344,151.9503195,151.4364167,144.3321667,98.5865,98.48025,253.3324007,253.5375,118.7932068,1.841666667,0.3175,0.395,18752.025,15887.65,9966.125,8091.225,4383.425,36.05,1313.175,618.725,1388,1027.475,2144.325,1724.4,12726.85,3278.30525,2528.99475,710.24225,39.06825,3303.03075,1237.353,2065.67775,-503.275,2235.55,2738.8,-401.35,12949.025,3320.23775,2544.77825,742.16575,33.35975,3378.50825,1259.96975,2118.536,-505.825,2293.875,2799.725
2017,19612.1,19905.05,19734.86725,19612.1,19905.05,19735.26346,14803.1,161.0992891,122.5029533,63.02866342,4.567024841,-0.626066144,14897.06821,100.0159533,100,101.1361633,70.90791648,0.329,100,100,100,245.121,252.1525,139.0332309,475.3174167,99.99975,129.475,49.22666667,50.69083333,50.88416667,2.960833333,238.815,202.2537987,4.358333333,161.4303517,160.3193333,63.15021742,62.85099124,154.3987388,153.3345833,146.6105,100.0605,99.9365,255.614984,255.079,119.8464992,2.33,0.930833333,1.001666667,19544.175,16662.775,10424.375,8474.425,4681.65,41,1387.625,642.05,1466.675,1144.3,2225.225,1726.35,13290.625,3467.66425,2661.1,773.89075,32.674,3397.14075,1266.05425,2131.0865,-543.325,2388.25,2931.575,-378,13290.625,3467.66425,2661.1,773.89075,32.67375,3397.1405,1266.05425,2131.0865,-543.35,2388.275,2931.6
2018,20656.525,20946.85,20599.57915,20193.925,20490.925,20138.18007,15312.475,161.9701259,124.3319006,62.87798295,4.514408624,0.277232568,15255.25634,100.6334909,102.9669505,102.1739228,72.16727613,0.329,102.047,101.89675,101.7457625,251.0995,257.5614167,141.8390904,484.7040833,102.28975,133.4,61.025,64.46333333,64.93833333,3.141666667,253.305,200.6904074,3.891666667,162.7779342,162.07825,63.19491031,62.87196716,156.4369568,155.763,148.8936667,101.4715,101.94025,257.5830765,257.7906667,121.3719254,2.91,1.939166667,1.831666667,20593.075,17528.2,10957.375,8899.8,4956.175,32.1,1463.175,671.475,1554.5,1234.925,2365.15,1844.575,13934.45,3724.7705,2856.4705,811.89175,56.40775,3590.381,1346.295,2244.0855,-593.05,2538.1,3131.15,-441.175,13654.95,3668.08125,2844.31875,768.54925,54.297,3464.9995,1309.944,2155.17225,-593.55,2456.425,3049.975
2019,21539.975,21821.875,21380.8496,20715.65,21000.95,20562.99639,15784.65,162.8651708,126.256935,62.7734929,4.478634284,0.739759819,15626.96494,101.2498386,106.0079442,103.2197484,73.47567284,0.329,103.50875,103.573,103.2458639,255.6525833,263.2129167,143.9029871,498.4019167,103.9815,137.35,57.88166667,59.36333333,56.98416667,2.565833333,265.9775,207.0805704,3.675,164.6762363,163.5365,63.47136287,63.0986297,158.6284179,157.5370833,150.9055833,103.6355,102.8885,259.4510315,259.175,122.7645952,2.144166667,2.060833333,2.158333333,21482.95,18363.175,11446.6,9325.15,5194.2,33.775,1521.975,688.425,1603.525,1346.5,2471.3,1938.3,14437.55,3893.73375,2993.65325,827.125,72.95525,3785.9955,1419.49975,2366.4955,-577.3,2539.375,3116.675,-447.25,13948.125,3783.9875,2952.153,761.625,72.3855,3600.3825,1360.30625,2240.18725,-616.325,2469.525,3085.85
2020,21375.275,21586.875,22097.27203,20284.5,20499.225,20972.22546,15359.35,163.7126908,128.1032511,62.69855584,4.457470778,-3.281167074,15977.34517,101.8224882,108.5764697,104.2674678,74.7008273,0.329,104.6665,104.97575,105.4165929,258.85575,267.7099167,145.4546142,518.8560833,105.398,141.375,37.27333333,39.15916667,39.2275,2.033333333,286.765,211.4905471,8.1,162.7122711,160.763,61.93910426,61.75459134,149.1264168,147.81325,142.1614167,109.102,95.13225,261.1348927,260.329,125.88007,0.894166667,0.365,0.375833333,21254.725,19631.65,11598.15,9465.375,5247.9,51.05,1548.475,743.4,1505.9,1399.075,2411.55,1966.25,14231.35,3763.3865,2873.31225,920.546,-30.47225,3999.09575,1524.5635,2474.532,-618.55,2163.85,2782.4,-564.625,13596.85,3618.55925,2817.8055,818.19175,-23.9535,3722.69575,1446.14225,2277.53575,-655.775,2157.8,2813.6
2021,23725.65,23876.475,23556.25353,21532.375,21684.6,21382.12031,16532.2,164.5074203,129.9757056,62.59963057,4.448517716,0.697290994,16321.68593,102.3504277,111.1090356,105.3626379,75.91693624,0.329,108.9725,108.705,107.5364809,270.9679167,277.2503333,151.9605285,525.2609167,110.18325,147.05,65.36416667,67.51,67.9875,3.908333333,334.2075,202.2993479,5.358333333,163.4388221,161.2141667,61.84888683,61.66242863,154.4993006,152.58375,146.2770833,111.321,100.2345,262.7703979,261.4451667,126.7699576,1.4425,0.044166667,0.08,23687.8,21498.925,12558.375,10314.975,5839.65,74.475,1744.2,776.725,1472.8,1771.45,3098.025,2697.8,16119.675,4246.54475,3087.241,1132.43275,26.87175,4208.652,1604.398,2604.2535,-849.225,2568.675,3417.925,-869.25,14792.425,3944.35775,2993.04925,904.779,23.3865,3718.64075,1473.02775,2247.8535,-926.375,2297.175,3223.525
2022,26054.6,26206.65,25823.03407,22075.9,22220.475,21879.30253,16939.125,165.8755803,131.9003467,62.54725584,4.439636906,0.89914852,16740.08339,103.2243048,114.1330357,106.5299922,77.20343264,0.329,116.1005,114.511,110.2030404,292.6254167,294.3078333,163.6281932,546.5494167,118.03475,154.8,91.84583333,95.15666667,94.78666667,6.42,378.8925,215.3417574,3.641666667,166.1429795,164.2876667,62.35720651,62.23643733,159.9612579,158.2945833,152.5358333,109.70575,104.25475,265.1539338,263.9735,128.6135419,2.951666667,2.021666667,1.683333333,26055,22153.8,13443.375,11122.775,6274.625,95.075,1773.825,871.125,1572.85,1961.75,3362.6,2913.125,17690.025,4844.333,3484.561,1178.535,181.23725,4458.15675,1640.49975,2817.657,-937.9,3036.425,3974.325,-1001.2,15236.825,4184.911,3187.4035,831.25025,145.52325,3672.71,1424.12425,2248.64475,-1024.35,2472.05,3496.425
2023,27811.5,27897.2,27479.99433,22723.725,22810.3,22453.2694,17466.9,167.952597,133.6862837,62.52443254,4.43224964,1.202564244,17227.17849,104.5149301,117.2974932,107.7385089,78.46852047,0.329,120.51075,119.28925,113.0800998,304.7041667,308.3805,169.9660962,549.08125,122.389,161.925,74.51416667,77.68333333,77.63583333,2.535833333,396.7625,213.024118,3.633333333,169.488649,167.11825,62.76528572,62.60452557,163.2282316,161.0411667,155.8790833,111.79075,105.26825,268.6165456,266.9421667,130.2631586,3.9575,5.068333333,5.024166667,27485.65,23585.025,14207.4,11732.425,6921.575,71.35,1870.575,1002.5,1829.75,2147.4,3617.325,3144.25,18833.125,5023.7115,3855.95725,1114.04525,53.70875,4741.151,1765.7,2975.45125,-786.475,3073.35,3859.85,-937.85,15627.775,4219.4975,3418.61625,766.1125,47.44725,3800.68775,1471.37875,2329.22475,-925.15,2541.025,3466.2
2024,29298.025,29289.75,28913.01254,23358.425,23368.675,23051.60415,17978.475,170.2148977,135.4247477,62.50745004,4.419939739,1.330278219,17734.28561,105.9040717,120.4726531,108.9701189,79.71892048,0.329,123.666,122.80175,116.0067606,313.6978333,318.9923333,174.3623321,563.8419167,125.4305,168.3,74.10166667,76.62083333,76.55,2.194166667,418.13,216.3504872,4.033333333,171.9515153,168.1100833,62.90611418,62.59424033,164.9484786,161.349,157.9604167,114.81025,105.483,272.3644164,268.5714167,131.6157226,4.208333333,4.966666667,5.143333333,29001.7,24905.9,15027.05,12387.925,7246.6,57.85,1965.225,1078.175,1926.65,2218.7,3801.725,3344.175,19896,5259.31975,4022.93475,1182.83875,53.546,5041.1435,1892.4025,3148.74125,-898.475,3215.375,4113.825,-1179.85,16088.5,4346.4935,3518.884,790.3765,43.4905,3945.32175,1527.418,2417.821,-1032.55,2633.6,3666.15
2025,30705.18928,30743.12343,30425.6323,23830.33989,23876.67256,23613.63761,18416.09349,171.896504,137.3700778,62.46723893,4.405498956,0.916717915,18214.48975,106.9378402,123.9527841,110.1795502,81.08641917,0.329,126.9067891,126.2710359,118.7296532,322.3786894,328.5895843,178.5229281,581.2797551,128.8509131,174.1429406,64.348183,65.82095209,65.63365741,3.511796296,429.5766428,216.8045124,4.274723245,172.6928512,170.8805258,62.54870218,62.4267715,165.2638898,163.5520786,159.4573772,116.6742976,106.3242806,275.2106847,273.7379652,132.748471,4.288084566,4.056633473,4.205799165,30582.49108,26134.84859,15774.57069,13000.38795,7562.404273,77.65080532,2045.824391,1122.514025,2034.823574,2281.591478,3991.883148,3463.580683,20933.04527,5486.521934,4234.769184,1201.756866,49.99588334,5259.172003,1960.119998,3299.051755,-973.5411804,3289.408538,4262.949718,-1178.354895,16494.60827,4455.910967,3662.807088,778.042084,45.65678097,3985.621185,1509.069592,2475.41776,-1117.455405,2662.422072,3779.877476
2026,32274.17655,32363.72002,31934.2059,24393.75449,24478.84397,24136.72393,18922.8935,172.8545955,139.6351901,62.39530759,4.393955105,1.065144188,18673.03589,107.626617,127.5866344,111.3954275,82.59591181,0.329,130.3952834,129.9076405,121.4411306,331.8075812,338.8937375,183.1129946,600.3324372,132.2998649,180.0924024,55.57280152,56.74749175,58.93474744,4.130694444,438.037319,211.3910133,4.556500345,172.9992173,172.2847653,62.45246888,62.37635264,165.1165011,164.4345976,160.4798879,119.1838873,106.8863226,277.0095603,276.2023049,133.9824269,4.12718196,3.329932761,3.452258655,32234.172,27377.13304,16478.73349,13551.89333,8057.057797,72.06710007,2146.133865,1147.495589,2262.906352,2428.454891,4186.507594,3597.999975,21916.1291,5785.359255,4475.869181,1244.008978,65.48109606,5495.350413,2062.44017,3432.910243,-922.6622118,3353.53116,4276.193372,-1065.814597,16806.78613,4588.290019,3794.389825,783.040665,50.8257427,4049.377049,1552.957197,2494.720528,-1048.794981,2695.358129,3744.153109
2027,33651.47485,33701.71473,33391.43447,24847.72996,24902.45454,24655.5932,19319.65524,173.5795323,142.0412741,62.33184094,4.376820086,0.779779097,19133.94382,108.234782,131.1571068,112.6729697,84.15910287,0.329,133.537168,133.0829417,124.23246,340.2608363,347.6269663,187.2127869,617.6759898,135.426572,186.1421213,56.71425905,57.76938657,60.43579566,4.017509259,450.9822545,210.3808463,4.535549661,173.6920914,173.2958813,62.37529825,62.31003613,165.8142228,165.4359868,161.1614942,121.0688654,107.063167,278.4630759,278.1188344,135.1900521,4.254953475,3.248527228,3.389876888,33642.52683,28576.61277,17212.65976,14135.11986,8376.467621,69.56842554,2250.19332,1186.201217,2439.777627,2430.727032,4191.054335,3618.551843,22816.92814,6087.013155,4702.63938,1323.478997,60.89477746,5664.175791,2105.303397,3558.872393,-916.6422383,3489.515529,4406.157768,-1090.814699,17086.11766,4751.669538,3935.403476,811.5229115,46.64151375,4059.180796,1552.37094,2504.970893,-1039.054097,2759.119813,3798.17391
2028,35001.8637,35012.47899,34832.38304,25296.326,25321.73821,25173.70606,19713.26676,174.3138878,144.4151651,62.27080974,4.354600314,0.487621724,19592.95216,108.8550821,134.5964593,113.9428761,85.68695506,0.329,136.4623796,136.0241652,127.0139973,348.295216,355.8229406,191.0880513,636.6975266,138.3634737,191.9754418,59.17382301,60.17600617,62.86430036,3.811740741,466.4555181,207.0041091,4.478449117,174.4062687,174.1397413,62.30385666,62.25893565,166.5956185,166.3410352,161.62275,123.0658023,107.4680348,279.9286573,279.7025089,136.3819301,4.303934546,3.216970123,3.390257858,35002.92592,29795.2865,17940.14376,14720.63854,8739.883448,67.95186687,2356.224193,1216.690775,2669.495055,2429.521559,4192.297449,3625.300036,23693.03804,6355.493668,4895.42709,1399.478252,60.58832617,5816.347255,2134.917693,3681.429562,-863.015264,3627.903538,4490.918802,-1074.470918,17361.87127,4890.378006,4052.28825,835.7361542,45.56505119,4060.149083,1543.137967,2514.704451,-991.9904233,2817.831909,3809.822332
2029,36350.71571,36328.71841,36276.08641,25740.18578,25742.43918,25687.24007,20104.78601,175.0508863,146.7407939,62.19383429,4.328828295,0.206505803,20049.87659,109.4470323,137.8762798,115.2433092,87.21105751,0.329,139.3064472,138.8763134,129.8284056,356.2642107,363.9311344,194.9174463,656.3715777,141.2177731,197.7870975,61.81568991,62.81500177,65.27203042,3.732990741,483.1728523,203.4441923,4.387002932,175.1578403,175.0096758,62.23278649,62.20337026,167.4737165,167.33206,162.1358315,125.0964213,108.0259586,281.4560287,281.3509215,137.5228578,4.32905478,3.19686496,3.389459678,36355.09428,31002.92348,18670.73003,15308.74519,9090.90426,67.11094895,2464.71119,1242.953381,2891.133249,2424.995491,4221.078253,3648.706396,24600.4411,6582.91087,5055.085939,1463.013931,64.81100031,5977.652351,2172.149517,3805.502834,-810.2886132,3778.360422,4588.649035,-1058.376898,17658.71502,4996.101687,4143.505866,850.2226521,47.72720417,4067.058112,1539.061955,2525.317281,-945.3374153,2882.94483,3828.282245
2030,37742.50025,37692.26885,37752.61454,26199.36702,26182.39016,26206.30123,20515.65297,175.8618539,149.0155541,62.12657151,4.30169478,-0.026127722,20515.5868,110.0480122,141.0380862,116.6033635,88.74940937,0.329,142.1313989,141.7019764,132.6842892,364.3281218,372.1529458,198.7755789,676.7825238,144.0549046,203.6778752,64.0715301,65.09884555,67.35856015,3.687388889,500.7261109,200.0426007,4.302118966,175.9591079,175.899861,62.16066163,62.14137926,168.3891536,168.3324564,162.6583128,127.1605406,108.6182659,283.0716289,283.0641095,138.5959136,4.34292676,3.184149579,3.388300607,37748.0807,32262.56205,19419.6713,15912.12274,9449.189769,66.84005129,2576.734262,1263.705556,3068.794154,2473.115746,4324.081063,3740.123941,25592.77503,6804.844917,5216.205494,1517.633492,71.00593068,6129.419514,2199.838657,3929.580857,-784.53921,3937.41931,4721.95852,-1066.827881,18005.86589,5095.315527,4235.38296,858.2664379,51.21469388,4066.181027,1528.511407,2534.325734,-921.9228035,2951.174469,3873.097273
2031,39174.76849,39100.55694,39260.91464,26664.67531,26632.09502,26723.24241,20937.08571,176.7060426,151.2291311,62.07144417,4.276995437,-0.218908812,20983.94593,110.6395324,144.1502546,117.9804589,90.29024664,0.329,144.9683598,144.5371252,135.5873778,372.5578143,380.5678528,202.695233,697.8483494,146.9124213,209.7002812,65.90069315,66.96655024,69.18122781,3.587490741,518.9966008,197.6088689,4.276970023,176.7709463,176.734879,62.09380859,62.08115668,169.2105201,169.1759957,163.1885293,129.2586387,109.2059335,284.6838195,284.6837296,139.5481244,4.351982817,3.171485918,3.383477105,39180.88715,33602.07139,20186.13587,16525.50385,9853.601863,66.94722803,2691.094012,1288.860193,3247.565742,2559.134688,4475.589895,3874.381288,26605.97286,7034.436699,5402.818739,1555.430178,76.18778242,6287.497617,2228.58213,4058.915488,-753.1386798,4102.929998,4856.068678,-1067.610728,18352.44554,5196.748934,4345.675359,856.0599934,53.87695441,4067.506213,1519.132672,2544.310329,-895.3223603,3021.71491,3917.03727
2032,40650.43364,40556.92622,40796.91585,27133.98023,27089.50445,27231.71049,21368.53913,177.4968227,153.4200998,62.01771609,4.255508811,-0.358724252,21450.10105,111.1757687,147.3016035,119.3590234,91.85091514,0.329,147.8360549,147.4024247,138.5422128,380.9673137,389.1833176,206.6883064,719.5468994,149.8097643,215.8813646,67.62720371,68.72887453,70.967856,3.455453704,537.9816314,196.0478031,4.255484505,177.536001,177.5121879,62.03116297,62.02286108,169.9809958,169.9581962,163.7246798,131.3912757,109.7386807,286.2046463,286.2045548,140.3804186,4.359605129,3.147735593,3.362117853,40656.88578,35008.83056,20967.80888,17146.24535,10290.57929,67.28597443,2806.198573,1319.482934,3427.50904,2670.102769,4660.061079,4037.195524,27628.70111,7270.836975,5615.117106,1573.73967,81.98019989,6457.621838,2264.142773,4193.479065,-706.7262881,4267.108067,4973.834355,-1049.45776,18688.22789,5300.858707,4473.760548,843.7553389,56.88176164,4074.413915,1514.862814,2554.926946,-860.4065021,3090.593482,3950.999984
2033,42185.43278,42079.02962,42372.53074,27613.66539,27561.95329,27736.11144,21816.06509,178.2475292,155.603759,61.97980994,4.235273763,-0.441387035,21918.14796,111.6849034,150.5298265,120.7258109,93.42729483,0.329,150.745573,150.3097024,141.5524037,389.5643569,398.001239,210.7595259,741.9041951,152.7660336,222.2358376,69.39712822,70.53133556,72.80009445,3.368777778,557.6693255,194.6685785,4.235253805,178.2340097,178.2183441,61.97471223,61.9692644,170.6853576,170.6703556,164.2648679,133.5590798,110.2419068,287.5915938,287.591593,141.1313807,4.366891775,3.132663592,3.347648889,42192.16106,36454.78866,21770.69122,17783.04689,10736.45228,67.79531823,2922.747722,1358.470433,3591.949918,2795.488893,4857.216657,4206.773569,28717.75713,7516.143048,5837.38393,1591.492592,87.26652559,6636.693915,2306.602374,4330.09154,-685.161316,4428.639946,5113.801262,-1050.497263,19049.89629,5409.054977,4607.072705,831.7362038,59.43629837,4082.007477,1512.615747,2564.315348,-847.8725151,3156.360006,4004.232521
2034,43776.58434,43661.24059,43991.01844,28102.1757,28046.05427,28239.82032,22276.54905,178.9755464,157.7852316,61.96635892,4.214478246,-0.487379815,22391.00129,112.1789536,153.8244602,122.0930542,95.02253729,0.329,153.7036472,153.2660301,144.6209326,398.3554775,407.0241897,214.9128823,764.9272516,155.7723247,228.7733191,71.19352841,72.35948031,74.65989592,3.435055556,578.0501153,193.0284738,4.214461961,178.8702172,178.8599083,61.93020318,61.92662793,171.3318101,171.3219357,164.807222,135.7626818,110.7268434,288.8255515,288.8255772,141.8503087,4.374625938,3.123999482,3.339589199,43783.57666,37951.5301,22596.36995,18440.3265,11215.79757,68.43309246,3042.425932,1402.219221,3773.262888,2929.456438,5066.688144,4384.283733,29858.29743,7779.985463,6063.197222,1624.045419,92.74282284,6817.961999,2348.954193,4469.007806,-679.6605524,4592.727745,5272.388297,-1063.611477,19425.32432,5527.355368,4740.394086,827.4137245,62.03300552,4087.492248,1509.721533,2572.215653,-848.4770253,3221.474941,4069.951966
2035,45430.89269,45307.02007,45658.43276,28600.39654,28540.31553,28743.6399,22750.6724,179.6760353,159.9741562,61.97020282,4.192933896,-0.498343765,22868.39835,112.6537788,157.2140675,123.457121,96.63948317,0.329,156.7146173,156.2758461,147.7504771,407.3463843,416.255267,219.1521448,788.6421173,158.8428157,235.5012932,72.78447676,73.98480787,76.31755845,3.497638889,599.1734454,191.9352909,4.193511809,179.4745007,179.4677148,61.9005891,61.89824251,171.9482264,171.941725,165.3499316,138.0027201,111.1900399,289.9399213,289.9399486,142.5367628,4.381854364,3.118675688,3.334855814,45438.15249,39490.1083,23447.88976,19121.21756,11692.57273,69.16457308,3165.938824,1449.831166,3935.892958,3071.745213,5289.101038,4573.26107,31051.50595,8075.576387,6301.210985,1676.598598,97.76680423,7006.514278,2398.107958,4608.40632,-702.7039223,4753.069754,5455.773676,-1104.82015,19813.44078,5663.594352,4880.222532,832.3387759,64.247689,4093.415915,1510.626608,2577.113221,-871.4778028,3283.212959,4154.690762
2036,47146.6836,47012.12076,47383.49106,29105.51729,29040.30926,29251.70775,23233.02069,180.3391461,162.203244,61.9839417,4.171689174,-0.499766706,23353.00027,113.1037538,160.7329154,124.8278207,98.29477188,0.329,159.7814329,159.3421261,150.9434849,416.5423542,425.6980837,223.4792579,813.0707978,161.9810615,242.4262909,74.23032302,75.46261961,77.8332041,3.585722222,621.0862133,190.9945579,4.171650578,180.0515227,180.0470448,61.88480449,61.88326408,172.5404117,172.5361207,165.8912495,140.3435854,111.6272335,290.9462691,290.9462746,143.1950943,4.388391829,3.11602086,3.332719727,47154.2186,41076.59798,24329.66504,19828.94797,12175.96997,69.96441755,3292.961119,1500.835944,4095.633073,3216.575416,5516.625574,4767.038242,32306.07077,8389.289239,6552.064366,1735.543307,101.6815666,7204.469601,2452.326432,4752.143169,-753.146009,4914.508475,5667.654484,-1175.791474,20218.31087,5808.09077,5027.737626,839.0375032,65.68816117,4100.478277,1513.557105,2581.290672,-915.7148151,3343.963348,4259.678163
